id,name,age,city,email
1,Charlie,40,Chicago,user1@example.com
2,Ivan,52,New York
3,Charlie,27,Los Angeles,user3@example.com
4,Heidi
5,Frank
6,Judy,56,서울
7,Ivan
8,Bob
9,Eve
10,Heidi
11,Frank,23,서울
12,Alice,40,東京
13,Bob,48
14,Judy
15,Alice
16,Heidi,52,México City
17,Ivan,22,San Francisco
18,Judy,58,Chicago,user18@example.com
19,Bob,39,San Francisco
20,Frank
21,Diana,32,서울
22,Grace
23,Heidi,68,東京
24,Bob
25,Diana,37,東京
26,Grace
27,Judy,34,Москва,user27@example.com
28,Bob
29,Frank
30,Heidi
31,Frank,25
32,Eve,59,서울,user32@example.com
33,Charlie,62,San Francisco,user33@example.com
34,Grace,29,New York
35,Grace,62
36,Charlie
37,Alice,67,Chicago
38,Ivan,57,New York
39,Ivan,36
40,Heidi,34,New York,user40@example.com
41,Judy,31,Berlin,user41@example.com
42,Frank,20,Berlin,user42@example.com
43,Charlie,23,New York
44,Bob
45,Grace,57,Los Angeles,user45@example.com
46,Charlie,44
47,Heidi,60
48,Heidi,38,서울,user48@example.com
49,Diana,60,New York
50,Alice,24,Los Angeles,user50@example.com
51,Diana,61,東京
52,Frank,20,서울
53,Diana
54,Judy,61
55,Alice,64,New York,user55@example.com
56,Ivan,52
57,Frank,45,Москва,user57@example.com
58,Judy,31,서울,user58@example.com
59,Alice,27,México City,user59@example.com
60,Alice
61,Frank,51,San Francisco
62,Charlie
63,Bob
64,Charlie,20
65,Judy
66,Diana,34
67,Eve,64,Москва
68,Ivan,27
69,Grace,59,Los Angeles,user69@example.com
70,Heidi,47,Berlin,user70@example.com
71,Eve,19,Berlin
72,Eve
73,Bob
74,Alice,59,México City
75,Ivan,31
76,Ivan,68,Москва,user76@example.com
77,Eve,68
78,Heidi,42,東京,user78@example.com
79,Ivan,54,서울,user79@example.com
80,Judy,34
81,Charlie,50,New York
82,Diana,22,서울
83,Diana,53
84,Heidi,46,San Francisco
85,Charlie,54,서울,user85@example.com
86,Eve,38,Berlin,user86@example.com
87,Charlie,47
88,Judy,67
89,Charlie,18,東京,user89@example.com
90,Ivan,41,서울,user90@example.com
91,Judy,18,México City
92,Charlie,53,México City,user92@example.com
93,Frank,61
94,Heidi,52,서울,user94@example.com
95,Charlie,25,New York,user95@example.com
96,Bob,54,Los Angeles
97,Grace,25,Chicago
98,Bob,39,Москва
99,Ivan,26
100,Frank,69